,mean(SWEFI),std(SWEFI)
HFRXEMN_ROR,0.004972768803562547,0.0012489771195566422
HFRXM_ROR,0.014192860478703266,0.0027076776801645813
HFRXSDV_ROR,0.018329002641009503,0.0038116732933386782
HFRXMA_ROR,0.1202910226943779,0.013245000370807244
HFRXMD_ROR,0.29207186709503413,0.014293486754830092
VIX_ROR,0.5501424782873127,2.7791490799989857e-18
