,mean(SWEFI),std(SWEFI)
XLU US Equity_SMAVG (15),0.0048635671949292,0.0005675818763591566
SPG1200_SMAVG (15),0.005646277119015348,0.0007316154213633857
CO1 Comdty_Volume,0.007312233575770875,0.0008088614992831372
MXEF_Volume,0.007417173901751927,0.0008281609578800631
CO1 Comdty_SMAVG (15),0.007509588039974127,0.0009073889614951261
MXEF_SMAVG (15),0.008056332740803415,0.0008453437026152043
XLU US Equity_Volume,0.008671609710673935,0.0012136234133841442
MXEU_SMAVG (15),0.009609059118967088,0.0010598226119608483
XAU BGN Curncy_Last Price,0.013909033063165537,0.001541786153367606
SPG1200_Volume,0.017538037468760613,0.001765602252770485
XLU US Equity_Last Price,0.01853340952336617,0.0017814047658005088
MXEU_Last Price,0.019883949739155395,0.00198090037334503
XLY US Equity_SMAVG (15),0.020015442178878233,0.0019181768914400903
MXEU_Volume,0.02117575285938395,0.002039674325614162
SPX Index - PE_Adjusted Price/Earnings ratio,0.021513219437124125,0.002096304525220859
XLY US Equity_Last Price,0.023302141363559098,0.0024259658467412418
XLK US Equity_SMAVG (15),0.024347659752171253,0.002475530708010036
MXEF_Last Price,0.024381616225790187,0.0022249009860487072
SPX Index - Divident_Dividend 12 Month Yld - Gross,0.02468182761003506,0.002389775599072512
XLK US Equity_Volume,0.024789342610111325,0.0027710875955512556
XLE US Equity_Volume,0.02728346133121102,0.0028505365636978678
XLE US Equity_SMAVG (15),0.032998451950087423,0.002808036815276582
XLY US Equity_Volume,0.04044257471735625,0.0038249003553772116
DXY Curncy_Last Price,0.04216034982184003,0.002847510341084658
XLE US Equity_Last Price,0.04243507886820473,0.003046909981178553
CO1 Comdty_Last Price,0.04258184458936365,0.002842025928585101
XLK US Equity_Last Price,0.04525904311435835,0.00351345274682593
SPG1200_Last Price,0.04926682468136944,0.0036695311049661384
FTAW01_Last Price,0.05829978510909673,0.00385705617099329
SPX Index - PB_Adjusted Price/Book ratio,0.06156112304163229,0.004176553367157107
MOODCBAA Index_Last Price,0.06876834651631913,0.004122908377652474
USGG10YR Index_Last Price,0.07721420146878902,0.0044982505371394185
VIX_Last Price,0.09857164155698526,0.003833161043273598
